comment_id,comment_text
aa16a86c-d73c-4448-9d3f-daa3bd854756,The stop near Paine Field could use better lighting and seating.
d08535d5-fe42-415e-afd8-d733ef3c82a3,I wish the bus arrived on time; today it was 5 minutes late.
25d8e134-bc28-4345-a0e1-775afbdee05b,Please continue to keep the buses well-maintained; it makes a big difference.
f479c38a-583e-4891-98dd-648a0ba6cfcd,Please continue to keep the buses quiet; it makes a big difference.
2619761a-39b1-4438-8eb9-13e07405c530,I appreciate the efficient service on route 180 this morning.
d2324004-d758-460e-a94d-818afe308b55,I love the real-time updates; they told me the bus was 5 minutes away.
60cc1421-0328-4012-9b82-3a239556b472,The driver on bus 162 was professional and helped me with my bags.
f7c35e23-2c2b-465b-b373-1575fbf4cab0,Boarding was quick and easy because the bus was climate-controlled.
2a3774c7-00ac-4457-969b-ca2ae40b7fac,I appreciate the attentive service on route 150 this morning.
da58f43a-8f7e-4eed-9c33-8ae8fdab759a,Boarding was quick and easy because the bus was quiet.
a382105a-f36c-4d5c-840e-3b7c04d18a82,Boarding was quick and easy because the bus was smooth.
2f0126ee-3583-44c4-849a-ab619ba5d196,I felt safe riding through downtown on route 50 thanks to the helpful driver.
b19b8d91-0273-4082-a3bf-fc9c3c181510,I appreciate the friendly service on route 201 this morning.
3470a1a1-62c5-4eb8-856d-128cd4fa3270,The driver's reliable attitude improved my day!
c2a9a9bd-cbc2-451f-a46b-586780adbffc,The driver's polite attitude improved my day!
60779aad-692c-47f9-b0e8-9cb19bcd761a,I love the real-time updates; they told me the bus was 20 minutes away.
3407f9aa-0009-4495-baf9-a34c60fd6465,The spacious seats on the hybrid bus made my commute much better.
f53b09ba-17f1-422d-bfd6-c8a272323726,I love the real-time updates; they told me the bus was 20 minutes away.
70a624b9-43af-424f-acca-9493788fafcf,The driver on bus 180 was courteous and helped me with my bags.
8447d59e-8b82-414a-9971-1166184e7879,I wish the bus arrived on time; today it was 15 minutes late.
f09df1e8-1aca-4e16-ace0-924e04dbe14c,I appreciate the attentive service on route 268 this morning.
de90fcbf-82a7-4070-99dd-6eac6312606f,I love the real-time updates; they told me the bus was 20 minutes away.
c295d706-6071-47ac-b51b-807676136fdc,Please continue to keep the buses well-maintained; it makes a big difference.
51fb44a6-5157-4519-93f7-48d099ec314a,The quiet seats on the hybrid bus made my commute much better.
9e630adb-2708-4d48-b5e8-f1ceefc83418,Please continue to keep the buses comfortable; it makes a big difference.
09c114eb-584e-4511-b3e0-34b423a6d0e0,I felt safe riding through downtown on route 101 thanks to the professional driver.
29f5534d-39f9-4bfe-9c2f-ba932065fb44,The quiet seats on the standard bus made my commute much better.
e9522883-67af-4449-920b-0dc5f413a1e7,Boarding was quick and easy because the bus was quiet.
b9aea6f5-cdbe-4d0c-b519-faa8b065d07f,I appreciate the prompt service on route 50 this morning.
a462b032-eade-42f5-92ef-a3a88e03ac4c,I love the real-time updates; they told me the bus was 5 minutes away.
e7a7f603-9360-4d9c-9840-8aafd9ccf95e,The comfortable seats on the hybrid bus made my commute much better.
8fccc136-6d93-4670-80c4-f401a8ade9ff,I felt safe riding through downtown on route 246 thanks to the prompt driver.
a5ef61c7-54f4-4802-b494-546da821704b,I appreciate the polite service on route 246 this morning.
f3ec6e72-7b83-4292-aa96-3d0fb0f01d2c,I felt safe riding through downtown on route 268 thanks to the helpful driver.
91e87ced-3b6b-4d77-997f-2c675558646b,The well-maintained seats on the double-decker made my commute much better.
f840ebaa-00b9-45a1-bcfd-311f6849accb,I love the real-time updates; they told me the bus was 10 minutes away.
0803fc60-d77f-448c-955e-feb5b23d9457,I wish the bus arrived on time; today it was 15 minutes late.
7b23eec9-ad77-47c9-b104-8b46927e5960,I felt safe riding through downtown on route 246 thanks to the prompt driver.
b09e6b52-fbd4-4ec5-9a9f-75766dfab572,Please continue to keep the buses clean; it makes a big difference.
3065992f-8cf9-4b66-bd9a-008cd4681892,Boarding was quick and easy because the bus was well-maintained.
93f85df0-cbfa-484b-a83d-24b8921990c3,I love the real-time updates; they told me the bus was 15 minutes away.
28d2348f-8180-4589-b0f8-60225a8d37e5,The driver on bus 180 was reliable and helped me with my bags.
01a81913-b1c3-48e2-80ff-2530d6e4f288,The climate-controlled seats on the electric bus made my commute much better.
a8a04941-a71b-4573-a8b1-4beb051e5864,Boarding was quick and easy because the bus was climate-controlled.
648717c6-fd0d-47de-b380-a63949b4815b,The driver's prompt attitude improved my day!
ae845267-de68-4412-af51-3cd972e6225b,The driver on bus 105 was courteous and helped me with my bags.
c5a6ade1-fc7a-4a10-ad14-382aa89cd7e4,The driver on bus 246 was professional and helped me with my bags.
55a730a7-6d01-4876-9ffe-8ce6a6fc0841,Please continue to keep the buses clean; it makes a big difference.
4412ea14-b991-45a8-a021-a36bff29479f,I love the real-time updates; they told me the bus was 10 minutes away.
136a41b5-6200-488d-bc5f-3ac68d08829b,Boarding was quick and easy because the bus was spotless.
92f35e18-19e2-4f6e-914b-61ec7123e306,The driver on bus 180 was attentive and helped me with my bags.
49718857-da1e-4c62-af7c-6680262f94f2,I felt safe riding through downtown on route 271 thanks to the helpful driver.
5174d38b-22a2-4650-9dca-d0d67f25ce57,The stop near Edmonds Station could use better lighting and seating.
b6dba1f3-af91-45a6-b754-93da740d255d,The stop near Paine Field could use better lighting and seating.
04a65ca9-b58c-4174-a8a0-7983761ea6c4,The driver on bus 162 was organized and helped me with my bags.
402ad69d-6c2e-480f-910b-17363391ee9b,I appreciate the organized service on route 201 this morning.
607120b6-1a9b-43b5-8e5f-8a8673e12c27,The driver on bus 50 was helpful and helped me with my bags.
86240eb4-08f6-49e3-bded-213eaa86ad01,The driver's friendly attitude improved my day!
c6b3197f-7c09-487f-b2a7-139f642029db,The stop near Paine Field could use better lighting and seating.
d35fc009-56c7-4b3d-8451-a965ba77be6f,Please continue to keep the buses clean; it makes a big difference.
8277a0e1-321e-4b1b-936e-7d047ab48979,I appreciate the attentive service on route 150 this morning.
83364b86-bbe6-49c7-aeab-257398dbcbd1,I appreciate the reliable service on route 268 this morning.
2f36ae9f-b5da-4277-8c57-b6d040dde448,I felt safe riding through downtown on route 201 thanks to the polite driver.
00e44cc4-bfa8-445e-86ba-fdae2d819170,The driver on bus 50 was prompt and helped me with my bags.
9bb30b12-131e-4b47-9cd6-06b9053ce8a1,Boarding was quick and easy because the bus was spotless.
a7b9e6a0-e5af-4aeb-b8ca-d07d3e300904,I felt safe riding through downtown on route 162 thanks to the attentive driver.
b8033ddd-0f49-4621-b12b-b8b17d995220,The well-maintained seats on the hybrid bus made my commute much better.
848cc5c1-c8e0-4032-8351-69515393f1b2,I felt safe riding through downtown on route 150 thanks to the reliable driver.
a577cbf9-7eac-4a3e-978a-110f77f061f1,I wish the bus arrived on time; today it was 5 minutes late.
3f5b010b-061d-4156-9294-f9036f7dd7b5,Boarding was quick and easy because the bus was spotless.
6c0811d9-424f-4e8c-85c6-2604dcea7341,The driver on bus 105 was reliable and helped me with my bags.
4ed05b25-f9cd-490c-8983-0f6f6688e4c8,The driver on bus 246 was polite and helped me with my bags.
bee426d4-bb52-4508-9037-dde252767da3,The driver on bus 150 was friendly and helped me with my bags.
8ea4eb10-0058-4f0f-9404-3ab4e2eb2046,I wish the bus arrived on time; today it was 20 minutes late.
72dd8ed7-7e0a-4965-997d-a5ce6223bfec,I wish the bus arrived on time; today it was 20 minutes late.
6b4e6cd1-fd0f-458e-8702-3dbf20448bba,The stop near Edmonds Station could use better lighting and seating.
4ce0cc61-c0ff-431a-9e3b-e0b2b15089fb,The driver on bus 180 was reliable and helped me with my bags.
07415068-6fc8-4e84-b7e5-d01e87067fd2,I appreciate the helpful service on route 162 this morning.
ee5485df-0c3e-4694-94b2-b4ea42da36c0,Please continue to keep the buses clean; it makes a big difference.
65fa0c43-9921-4f2b-be29-ab49f69ae042,Boarding was quick and easy because the bus was spotless.
d183870e-e28b-447c-850e-7557815d869b,I wish the bus arrived on time; today it was 5 minutes late.
ebfaa05c-a1c4-402d-a069-059d53f17427,The smooth seats on the electric bus made my commute much better.
a41c3150-8648-4997-a633-9b4c928d319a,I wish the bus arrived on time; today it was 20 minutes late.
e709fdd6-63f6-4e1a-9261-d6159c5e3b6a,I appreciate the professional service on route 105 this morning.
c32b3a2e-807e-422b-95eb-119c997229c8,I wish the bus arrived on time; today it was 15 minutes late.
53ea096d-0943-492f-97e4-3e7b07a9250e,The stop near Mukilteo Station could use better lighting and seating.
0500b05f-814d-4048-ae92-f29567ebf922,I wish the bus arrived on time; today it was 10 minutes late.
56b1728c-4391-494c-b80e-409521d28307,The driver's organized attitude improved my day!
f4cd0521-e70a-4585-913d-d0c6a7fca8ea,The driver on bus 201 was polite and helped me with my bags.
c1d84288-144c-4c87-ada1-7b7cf77bdb5d,I wish the bus arrived on time; today it was 5 minutes late.
f346d45c-3044-4aff-a5d8-0f7b02a4c1fc,The stop near Bothell Station could use better lighting and seating.
19c2ccfb-9611-455b-87bd-8ed895464882,Please continue to keep the buses spacious; it makes a big difference.
c103ac24-f099-4269-9c4d-cc4e153c4406,The stop near Edmonds Station could use better lighting and seating.
57c60456-0d72-41e2-8780-f66202a02326,The comfortable seats on the standard bus made my commute much better.
bab6a441-c94f-416d-b10e-cadffb08f7d6,Please continue to keep the buses spotless; it makes a big difference.
149d9f50-736d-41c4-b9af-a2c5abcc94e6,The climate-controlled seats on the electric bus made my commute much better.
db652721-e444-4e17-960e-48e29e518327,The driver's friendly attitude improved my day!
aebbff27-a803-482c-94b5-d674860aa65c,Boarding was quick and easy because the bus was clean.
2d8b27f5-027f-48bb-8a35-31690e8fb39e,The stop near Mukilteo Station could use better lighting and seating.
7b387196-3c27-4573-a435-d4095949b8c7,The driver on bus 50 was reliable and helped me with my bags.
a5e1258b-e111-49e3-af0e-5c6667d383a3,I felt safe riding through downtown on route 180 thanks to the helpful driver.
a90a317e-9dcd-49a3-aa02-17c898009f10,The quiet seats on the standard bus made my commute much better.
812167e5-1c89-4b2c-99af-fb0713650e04,The driver on bus 105 was efficient and helped me with my bags.
40758f97-5254-4634-8c6d-b85af9910673,The stop near Edmonds Station could use better lighting and seating.
46053ede-f8f5-410a-b000-b321f5c9f183,I felt safe riding through downtown on route 150 thanks to the helpful driver.
bf85b17b-907a-4445-abd4-37fa844e1a89,I wish the bus arrived on time; today it was 5 minutes late.
eb641663-093f-4dc7-a8ca-f050f3cc3aec,The stop near Lynnwood Transit Center could use better lighting and seating.
5206dba0-9ef8-48c0-ae92-82d4a872f7c9,Boarding was quick and easy because the bus was well-maintained.
f628db5e-5e2b-4700-9f0c-206903bb7d59,I love the real-time updates; they told me the bus was 5 minutes away.
1252774c-29f4-4a50-bed3-e6f7a3588706,I felt safe riding through downtown on route 180 thanks to the attentive driver.
376803fb-655d-48ec-a757-f73b7b4e38c0,I love the real-time updates; they told me the bus was 20 minutes away.
9b0f2840-83a7-4edc-a522-da54d2f5d092,Boarding was quick and easy because the bus was climate-controlled.
48bfcea2-9e28-4ce2-857c-701106a7572f,Please continue to keep the buses comfortable; it makes a big difference.
fdd9f91a-6694-478b-830d-17c59d5bf085,I felt safe riding through downtown on route 180 thanks to the friendly driver.
2d2d3121-c14e-4dfe-bbc0-f75773dc22a2,The driver on bus 150 was efficient and helped me with my bags.
46710dd5-d7a5-499c-9968-3301ced3543f,The stop near Lynnwood Transit Center could use better lighting and seating.
79d2977f-dd06-4537-80f4-c56059f60cf9,I wish the bus arrived on time; today it was 20 minutes late.
52e25d14-f8f3-419e-ad22-dfeb23e25ac7,I love the real-time updates; they told me the bus was 15 minutes away.
9c86da85-8288-431b-9bf1-fa7d2873d374,The driver's helpful attitude improved my day!
74e0ad27-6694-41e7-9ca5-d3ea99b93b40,I felt safe riding through downtown on route 101 thanks to the organized driver.
ea7f822f-00ad-4edb-abcd-ab7cfc40abcd,The stop near Paine Field could use better lighting and seating.
af7d331d-34a2-43c9-bc78-4e349dfafe79,I wish the bus arrived on time; today it was 15 minutes late.
1bb00e72-1b31-48cb-96c9-6cebec98daf7,I wish the bus arrived on time; today it was 15 minutes late.
f23b2ab3-12ec-437e-8f9a-b06c9d3fd955,The driver's reliable attitude improved my day!
80956859-00a5-4fad-bfe9-21133cc85c67,The quiet seats on the hybrid bus made my commute much better.
95c5aa6a-ddd7-4b66-bc19-68e1280bce5c,The stop near Everett Station could use better lighting and seating.
9b301126-fd8f-4f95-9eef-886dbc1ea007,I felt safe riding through downtown on route 105 thanks to the professional driver.
4d5d1af8-54b7-44be-89b3-1c29eb97bc6b,I appreciate the organized service on route 105 this morning.
d3a7f731-eba1-4e3a-a21d-3433779517a1,I wish the bus arrived on time; today it was 5 minutes late.
69982e9f-897b-4e0c-94ae-c0b447790099,Boarding was quick and easy because the bus was quiet.
289e871a-a5f1-4d2d-942b-c10133dedcbb,I appreciate the reliable service on route 271 this morning.
0a1c08cb-f8df-4644-82d7-98cb9fbb6a57,The stop near Bothell Station could use better lighting and seating.
20884ab4-03cb-4cdf-bff9-f0169ecabb96,Please continue to keep the buses spacious; it makes a big difference.
39ae2e00-e8e1-40ce-a79e-296b59155df7,Boarding was quick and easy because the bus was clean.
5b809f0f-4a8c-4a81-8d30-ffdb90f2b13e,I wish the bus arrived on time; today it was 10 minutes late.
f13645d5-0f13-4f5a-a15d-26d86f67461a,I love the real-time updates; they told me the bus was 5 minutes away.
c6c03472-9456-4c3f-b851-138fd506cb3b,Boarding was quick and easy because the bus was comfortable.
e62d7fc5-1489-4957-beac-aa0addcdca74,I appreciate the professional service on route 105 this morning.
5c6bcb4d-2b4d-45a3-8775-49bd9001c904,Please continue to keep the buses comfortable; it makes a big difference.
775baca8-2409-4a69-959a-39371db87782,I love the real-time updates; they told me the bus was 15 minutes away.
931a5555-2886-4d7e-b45d-b90c57ef3ab5,The stop near Paine Field could use better lighting and seating.
4d07fc0c-7dc2-438a-846b-9d84536c9c63,The stop near Lynnwood Transit Center could use better lighting and seating.
70c3a72b-fb45-4666-a9e8-8f8c1c3af02b,I felt safe riding through downtown on route 180 thanks to the prompt driver.
3414bb42-4030-4d3b-ae3a-b730000d1858,The stop near Bothell Station could use better lighting and seating.
37c3436c-a49d-4c63-8242-8601ddde4a34,I love the real-time updates; they told me the bus was 10 minutes away.
2a9d1eaa-0965-4382-b890-f7a30f04ce61,I felt safe riding through downtown on route 201 thanks to the helpful driver.
adaf2cb5-9cd2-4f51-a09a-e18d5f2718db,The stop near Mukilteo Station could use better lighting and seating.
24e5df8a-3b00-4ef0-8cfc-de28069ad556,I wish the bus arrived on time; today it was 20 minutes late.
03d81a88-9377-4bbe-ac91-5d79e79500b1,The driver on bus 101 was courteous and helped me with my bags.
ddb3567b-fc6b-4a6c-ad47-fb2ee16d510d,The climate-controlled seats on the standard bus made my commute much better.
fe177f12-9d27-4bf3-8ea1-0f10e5b36f7e,Boarding was quick and easy because the bus was climate-controlled.
cfd45e89-e406-4a55-b464-2df5e562b050,I love the real-time updates; they told me the bus was 20 minutes away.
7b7efb41-d4c0-4dc6-a95e-ca791818fbd2,I wish the bus arrived on time; today it was 10 minutes late.
9b780b3f-7b0e-42c2-b351-6fe607b3343f,Boarding was quick and easy because the bus was comfortable.
9169a00a-4a36-40f8-8b82-9d24aff5af4e,I appreciate the helpful service on route 101 this morning.
03384dc0-23aa-49d7-9420-79ba32972bb7,I appreciate the reliable service on route 50 this morning.
f7e918bd-d03e-4cce-908a-b58c7b9510d7,The driver on bus 271 was efficient and helped me with my bags.
05c8a327-c545-4c9f-a36d-312184a5b98a,Boarding was quick and easy because the bus was smooth.
fde42ace-1e24-4068-9e6f-a2629768121b,I love the real-time updates; they told me the bus was 10 minutes away.
6701cc80-73fe-48dc-bffe-00fd1ab138bc,The driver on bus 201 was prompt and helped me with my bags.
34734c06-ec6d-4b29-9c98-716de9f6eac2,I felt safe riding through downtown on route 162 thanks to the organized driver.
144d3adf-82e0-43ee-bbb2-ede0d812fcb1,Boarding was quick and easy because the bus was quiet.
4669e490-5802-4124-b926-b9d703fe1cb6,I felt safe riding through downtown on route 162 thanks to the friendly driver.
b0f3ca8d-54d1-4d4b-bb4b-e543bb191da2,The clean seats on the hybrid bus made my commute much better.
e8a5084e-cd11-4e7a-87c0-725dce59af88,Boarding was quick and easy because the bus was comfortable.
bf875a4c-82b7-4d34-9518-c8090d3d2f9d,Boarding was quick and easy because the bus was climate-controlled.
324cc8b0-0873-471b-b069-82329fbda2a9,Please continue to keep the buses spotless; it makes a big difference.
c7aaa764-7ddc-4187-91b0-3df3ea098955,The spotless seats on the articulated bus made my commute much better.
b8f7651b-91fa-47e5-baf5-fb1b8641548c,The driver on bus 105 was friendly and helped me with my bags.
ddbe62cf-410e-4529-bd26-6416bd7350a7,I appreciate the reliable service on route 268 this morning.
c5897e2a-4576-4f82-b207-490f8dc130fa,The spotless seats on the hybrid bus made my commute much better.
040cc613-e2cd-4244-b6a3-b144e9ec61b9,Please continue to keep the buses smooth; it makes a big difference.
0c43bf6a-f8af-4f2e-88dc-bb4d92fa56b1,I appreciate the professional service on route 105 this morning.
815a4916-c6e4-4742-8e84-cd457b2c3ea5,I wish the bus arrived on time; today it was 10 minutes late.
79189729-f9fc-4406-b16e-96a3efe78fa4,I wish the bus arrived on time; today it was 15 minutes late.
406e5619-5b09-4409-b9cd-9041c994b332,The spotless seats on the hybrid bus made my commute much better.
5e52297c-3264-4c42-94c3-6b9ddc7451d2,The stop near Bothell Station could use better lighting and seating.
c3021f35-e343-4b24-9cfb-09a908cdf776,I wish the bus arrived on time; today it was 10 minutes late.
2abdbdfc-c9f5-404a-a192-c84e56b801ee,Boarding was quick and easy because the bus was comfortable.
41463e3f-8efd-4a66-878d-098b4dedd65c,The driver's professional attitude improved my day!
66eb38cc-a624-4733-96b6-e4314acfbfdb,I appreciate the efficient service on route 162 this morning.
6fd6d9cc-1459-4be2-b99a-a6c0c58cd82f,The driver's helpful attitude improved my day!
497f14ca-4b36-41bd-8870-e14cd8c5985d,The stop near Mukilteo Station could use better lighting and seating.
72ce6643-cf1e-4f41-a726-fbbbe00b4574,I appreciate the professional service on route 271 this morning.
948b312c-b18d-48ec-9424-e127d8bda898,I appreciate the attentive service on route 105 this morning.
e81c8faf-cabb-4ba7-bd9e-09d7a2598d60,The stop near Bothell Station could use better lighting and seating.
d7f0d781-7771-4715-a1f3-ca1d9c1add42,I felt safe riding through downtown on route 268 thanks to the reliable driver.
d58b96d7-6bc2-4271-a897-8ca4425a2c34,I wish the bus arrived on time; today it was 20 minutes late.
b8382332-0394-4f5a-b5df-f23124e926c1,The driver on bus 105 was efficient and helped me with my bags.
2c0c3182-451e-4396-b023-b80463dc75a8,I appreciate the courteous service on route 180 this morning.
b34bbd74-bb0a-4120-955b-089cf0476e2e,The stop near Edmonds Station could use better lighting and seating.
696c236d-8c37-40d2-b599-d763b96bab8c,The stop near Bothell Station could use better lighting and seating.
8f3e2c80-07f1-49a7-b2d1-0ed0f30f1028,Boarding was quick and easy because the bus was well-maintained.
43132fe7-2392-433e-ba5b-b9d7741f7104,The stop near Everett Station could use better lighting and seating.
e6a114ae-bf7f-400d-836a-92a00796c496,The driver on bus 268 was friendly and helped me with my bags.
2b348a95-980a-42f6-b792-7869d68b7d67,I wish the bus arrived on time; today it was 20 minutes late.
5640614a-84de-4492-973a-e5d9cdcc254d,I love the real-time updates; they told me the bus was 5 minutes away.
a0cda362-9874-4e4a-a860-cc4fc9935e58,I wish the bus arrived on time; today it was 20 minutes late.
0a4a6af9-2e21-4d3f-bfaa-99da683a69d2,Boarding was quick and easy because the bus was well-maintained.
cc792a75-8046-45a7-a3ab-768cf5cbf56e,The stop near Lynnwood Transit Center could use better lighting and seating.
511180ad-2b5f-4fcb-9887-7b3ed521176b,The driver's polite attitude improved my day!
d27f5530-d66b-45c8-b73f-7b190b4df0af,The driver's reliable attitude improved my day!
59b7358b-de19-40a6-a94f-f823b1fc680e,I felt safe riding through downtown on route 150 thanks to the courteous driver.
062921d0-36b9-4c37-b22b-ef444493e9ef,The quiet seats on the electric bus made my commute much better.
d2656d25-8755-4d66-852f-011efbe73c77,I appreciate the courteous service on route 101 this morning.
30d61b31-1bdf-44c2-9dd8-b8c77e3bbfed,The comfortable seats on the electric bus made my commute much better.
1f0a4358-ad5b-455f-bbd3-fd22f8332626,I wish the bus arrived on time; today it was 15 minutes late.
1da1fcbb-84a1-4ee5-9b2d-27c43b09f5c1,The driver on bus 50 was friendly and helped me with my bags.
0f91f412-b31a-4a3a-965c-123143f1ef83,I love the real-time updates; they told me the bus was 5 minutes away.
1745fee5-6658-4611-bb51-38875cba0f98,I wish the bus arrived on time; today it was 15 minutes late.
827f720a-b1fc-4d1e-8b25-013f3936a3b5,I wish the bus arrived on time; today it was 5 minutes late.
c0a48bea-d81b-4181-a3f2-dd05fa70b9b0,I wish the bus arrived on time; today it was 15 minutes late.
558e2be4-2c73-4b87-8d3d-3e8db8b6f7e2,I felt safe riding through downtown on route 180 thanks to the attentive driver.
a8029d68-2892-417f-82d2-d3565d62c9c5,Boarding was quick and easy because the bus was smooth.
8c4a37b6-4d5f-429a-b000-444d3f8ca475,Please continue to keep the buses spotless; it makes a big difference.
3f582872-207f-425e-bc49-8cf34bb492e1,I love the real-time updates; they told me the bus was 10 minutes away.
9a59543a-6421-4419-b6ce-c888fcca9bcd,I love the real-time updates; they told me the bus was 20 minutes away.
81cb0980-3c02-489e-91df-7249232a5357,I love the real-time updates; they told me the bus was 10 minutes away.
5dadaadd-32ec-4dbf-933f-431cdaddb58f,The driver's reliable attitude improved my day!
eb204dbf-a48a-4448-88f4-a8fa24aca889,I appreciate the helpful service on route 180 this morning.
22bf4bd3-300d-4aff-8bb2-b18fbd53b363,Please continue to keep the buses quiet; it makes a big difference.
66aa5435-e5ed-4905-ac73-c5a2c5dd4aeb,I appreciate the helpful service on route 150 this morning.
b3c220bc-29c9-4a7f-a0a0-40ba240b1a16,I felt safe riding through downtown on route 162 thanks to the prompt driver.
015d1a6a-451a-4cb5-a9c1-777f31393405,The comfortable seats on the hybrid bus made my commute much better.
e70890d1-cfa9-4637-b21f-88ac725e51b7,The driver on bus 246 was efficient and helped me with my bags.
1e27c725-b96f-4a40-a00e-940c575f7da0,I wish the bus arrived on time; today it was 20 minutes late.
18cdf779-bffb-45aa-bd0b-c3e8d905a622,I appreciate the courteous service on route 101 this morning.
20312f00-5389-483d-810b-a2ea522d3fd3,The driver on bus 162 was polite and helped me with my bags.
58345366-a870-42a3-b819-bf9b685767b3,I appreciate the polite service on route 180 this morning.
468b0c44-51e6-40bd-9a6e-464394858cab,The spacious seats on the electric bus made my commute much better.
44255225-e897-4bba-a040-30ef3929e56d,I appreciate the courteous service on route 268 this morning.
dfce1f6d-5087-4e0d-9ef5-44894b3d3bbf,I felt safe riding through downtown on route 246 thanks to the prompt driver.
1f4a869e-d6e9-41d0-bb88-acf796568db6,The stop near Everett Station could use better lighting and seating.
dedfc6aa-4947-41e5-97ca-33681a3e631c,I felt safe riding through downtown on route 271 thanks to the prompt driver.
840c590c-2b95-4dbb-8b56-0f7515e71a62,The driver on bus 50 was efficient and helped me with my bags.
77abfaf6-12db-4e14-bed8-e0db3256337b,I wish the bus arrived on time; today it was 5 minutes late.
38297134-3111-4a7c-96e7-f8ca87a8f2af,The driver on bus 162 was organized and helped me with my bags.
a64951bf-4b73-4a8b-8eaa-5b74650caae7,The stop near Mukilteo Station could use better lighting and seating.
e1520070-4e2b-475b-a5cd-724a552ad75e,Boarding was quick and easy because the bus was smooth.
0066523c-afe9-4589-a0be-ffa48e399e04,The comfortable seats on the double-decker made my commute much better.
de2c091e-c68b-4530-a5a4-de2d2a8d6f59,I love the real-time updates; they told me the bus was 5 minutes away.
8faa2ad8-0660-4317-934f-fbb59ad8af2c,I wish the bus arrived on time; today it was 5 minutes late.
b3c930d7-1684-4239-b1eb-1bdd6a45693c,Please continue to keep the buses spotless; it makes a big difference.
113e8c2d-db44-4182-a387-8a2b58b17d49,The driver on bus 162 was professional and helped me with my bags.
a3519013-9fdb-4b1b-ac63-8d672c1bcfcd,The stop near Paine Field could use better lighting and seating.
d65a96cc-d1b9-4ec2-82fd-8c399a1c3ab0,Please continue to keep the buses spotless; it makes a big difference.
3515b18b-6eff-4f73-847f-e627334c319e,The quiet seats on the double-decker made my commute much better.
e67ef3c0-4d4a-47f3-acd8-16f6c2c529b9,I wish the bus arrived on time; today it was 10 minutes late.
d4ae2b3a-e218-4de1-95de-ca3be21e5f96,The comfortable seats on the standard bus made my commute much better.
4de61122-278e-448e-9889-e9ebbd67b617,I wish the bus arrived on time; today it was 10 minutes late.
e795a253-56b8-4106-bf28-0bac21764916,The driver on bus 180 was friendly and helped me with my bags.
6a229428-b737-4950-8b38-d25f83a42104,Boarding was quick and easy because the bus was clean.
53a2b854-ac81-4464-a261-707ed8124912,Please continue to keep the buses climate-controlled; it makes a big difference.
2cb5919c-0fea-4574-9854-2c35fd8ec716,The clean seats on the hybrid bus made my commute much better.
19456a8b-08a2-4f20-a698-598cb9772fc4,The driver on bus 246 was helpful and helped me with my bags.
006b0af4-3643-413c-b5be-d2486024cf63,The stop near Edmonds Station could use better lighting and seating.
d7bcce55-d38e-4f70-b926-7725e83457c3,I appreciate the organized service on route 180 this morning.
4ecca623-3181-4c31-994f-6558bc55e56b,Please continue to keep the buses climate-controlled; it makes a big difference.
41ebd4f1-affc-46b8-9e35-ddfe40f7a0d3,The climate-controlled seats on the standard bus made my commute much better.
f5486cee-5639-4705-bba7-8280056f369f,Please continue to keep the buses spacious; it makes a big difference.
08a4ad6a-b249-4b38-a42d-3aa4484c281c,The spacious seats on the articulated bus made my commute much better.
c8120530-397f-42b4-af07-c03340046b8b,Boarding was quick and easy because the bus was spacious.
4d8ca020-28d6-488f-97ea-51bb0a9df30b,The stop near Mukilteo Station could use better lighting and seating.
eac81c46-9405-43bf-83b5-362738e564e2,I wish the bus arrived on time; today it was 10 minutes late.
7f2d5c3e-2173-4f2f-9c7f-9da525bece6f,I appreciate the organized service on route 246 this morning.
78b74f4e-2160-4548-9797-1fc6a83da908,I love the real-time updates; they told me the bus was 5 minutes away.
8d5d4025-7f3a-4ece-8ab5-94865db88555,Please continue to keep the buses well-maintained; it makes a big difference.
a6cc15db-5ab4-4f58-955b-f6b8aa59b84f,The comfortable seats on the electric bus made my commute much better.
82f83296-63be-46f3-b6fe-b6f4cdc21a6e,I wish the bus arrived on time; today it was 15 minutes late.
f0a0be69-c07d-4749-8c51-45f8cff053f4,The driver's helpful attitude improved my day!
de5ef50e-235d-42e3-b8e4-bac0ca126b27,The driver on bus 50 was friendly and helped me with my bags.
33b1c20d-3315-4901-8394-cf4fc5f333d6,I felt safe riding through downtown on route 50 thanks to the efficient driver.
8ec4ef0c-777b-49db-899d-2a897033c518,The driver's attentive attitude improved my day!
7f787240-2817-45f5-9914-9716f47db9d9,The stop near Lynnwood Transit Center could use better lighting and seating.
e1785430-6806-4e8d-930e-2ab59870c755,Boarding was quick and easy because the bus was spotless.
311cb5b4-8888-4eb7-8278-0252bebeed06,Please continue to keep the buses quiet; it makes a big difference.
128390b8-c190-4a2a-b4e7-bc9f319abcc6,I love the real-time updates; they told me the bus was 10 minutes away.
c4035935-96ad-46fc-9fe3-c2973434d6dd,I appreciate the friendly service on route 162 this morning.
b6f80124-adff-4f51-bc11-16394b490a5f,Please continue to keep the buses smooth; it makes a big difference.
7b87e923-11ad-4c0d-81a0-9f04cc37f867,I love the real-time updates; they told me the bus was 20 minutes away.
f71ca953-21a5-436b-9c3c-8128a47e3927,Please continue to keep the buses climate-controlled; it makes a big difference.
dbba5746-e95d-460d-84d3-f053ef4ec970,The driver's helpful attitude improved my day!
5e23c54c-13d0-4374-a6ea-965c199fc748,Boarding was quick and easy because the bus was smooth.
5f9dd50b-57b1-487b-bff4-18014454ede1,Please continue to keep the buses well-maintained; it makes a big difference.
05e225b2-7dac-42d8-bf88-397c4ede3a6a,Boarding was quick and easy because the bus was smooth.
ce466130-d787-48c2-9ae8-7ba924aab4ad,Please continue to keep the buses spotless; it makes a big difference.
acd3591f-a49a-4654-9dd1-ab3f602423a9,I appreciate the courteous service on route 180 this morning.
0e5ba697-0852-43c4-9053-910ab3e09456,Please continue to keep the buses climate-controlled; it makes a big difference.
34b3652a-cd33-4b22-ab2c-038f07d13cb8,I wish the bus arrived on time; today it was 15 minutes late.
e3abe26b-923c-4161-9525-13e019cabdfa,Boarding was quick and easy because the bus was smooth.
ed316c02-48be-48ba-b526-6b356e863c18,I felt safe riding through downtown on route 50 thanks to the efficient driver.
dace97b8-ea71-450b-a70b-420c9d1a11ca,The driver on bus 271 was reliable and helped me with my bags.
b2aabd10-8ec8-460c-977b-2322762afd80,I wish the bus arrived on time; today it was 15 minutes late.
c14773eb-6b63-47ad-85d0-9b67e6f91ad1,The well-maintained seats on the standard bus made my commute much better.
57d2e1ba-e6c2-4e17-a1ea-a4817a787b5d,I felt safe riding through downtown on route 150 thanks to the professional driver.
51c9f972-6086-4f25-9ac0-f5b7ef6a340f,The smooth seats on the electric bus made my commute much better.
5e5a70a7-c08b-4f34-8a21-dc5ed2c1fa5e,I love the real-time updates; they told me the bus was 15 minutes away.
d0f5ca76-85bd-4678-88a4-8f8f0cc36d12,The driver's reliable attitude improved my day!
e61a6aee-a63c-4d20-aa5a-2d8f63e625ca,The driver on bus 101 was prompt and helped me with my bags.
5097c559-4e27-44f7-8956-637cb8f94612,The driver on bus 180 was attentive and helped me with my bags.
b6294c71-f7be-4c8c-940a-5ff19e28592f,The driver's polite attitude improved my day!
203fcf6a-fb28-41bb-bc2c-d49d8458def0,I appreciate the friendly service on route 101 this morning.
583b3586-c412-4f7d-8ac0-52773b519577,I felt safe riding through downtown on route 271 thanks to the courteous driver.
ea66be4d-66f3-4262-9fb0-176fa91d4069,Boarding was quick and easy because the bus was smooth.
b2b1c76b-29af-4d76-b0f9-2489bdf1abd1,The stop near Paine Field could use better lighting and seating.
b8205ebc-d21f-4c7b-848c-4232a8491dfb,I wish the bus arrived on time; today it was 20 minutes late.
9d9a14c1-95e0-42ad-9b78-2d78e4a0a577,I felt safe riding through downtown on route 271 thanks to the polite driver.
3ea71f86-0809-4f14-8d3b-a784e893af2c,The stop near Bothell Station could use better lighting and seating.
f908a708-03e3-425f-a744-c1e567619a51,The stop near Everett Station could use better lighting and seating.
63ca7b54-c2ed-450d-b25a-10544ac05489,I love the real-time updates; they told me the bus was 10 minutes away.
0cafdb15-285e-4e2a-ab39-156be8fe52e9,Please continue to keep the buses comfortable; it makes a big difference.
ccd588eb-10c5-4444-b3d6-b63a3e9eca6d,Please continue to keep the buses well-maintained; it makes a big difference.
1feacbae-d1c4-4151-b10e-f97f9b191e9f,I wish the bus arrived on time; today it was 15 minutes late.
9883c1ba-473f-4758-b1c0-3ecca834c169,I love the real-time updates; they told me the bus was 20 minutes away.
c60fe851-fbe7-46eb-876d-7e47a6cf34b3,Please continue to keep the buses spotless; it makes a big difference.
1e081b70-1986-43a4-aafa-518b4490020c,I appreciate the efficient service on route 101 this morning.
2eaab147-ea72-4948-8a59-2f9b76f62057,Please continue to keep the buses quiet; it makes a big difference.
231d3fe4-53a2-4bfe-8b78-8fb82fbba074,The driver on bus 271 was efficient and helped me with my bags.
e5f4440f-1b2a-4bf6-adb0-48ac21029da5,The stop near Lynnwood Transit Center could use better lighting and seating.
a0d50979-81e1-4408-98ae-3f152ae37067,I appreciate the attentive service on route 105 this morning.
6a8471b1-eb01-4fbf-b0a8-60b508a243ad,I love the real-time updates; they told me the bus was 15 minutes away.
740d9b69-9f84-4954-9f71-edcfafcc0493,The driver on bus 101 was helpful and helped me with my bags.
1ff0a05e-37e4-421c-bde6-1d731bfd9f5a,Boarding was quick and easy because the bus was climate-controlled.
6ed2ca56-9423-4b2a-8318-c18d58f2d960,I appreciate the prompt service on route 101 this morning.
ae2ce676-6ff7-41df-82b8-8c0884cc40dd,I wish the bus arrived on time; today it was 20 minutes late.
d2eaea97-06dd-4e25-9266-a26f050aaa4f,The stop near Edmonds Station could use better lighting and seating.
83509c09-36eb-47db-a8b5-7d9c2568cc3b,I felt safe riding through downtown on route 180 thanks to the friendly driver.
ac26c685-53fc-48a4-a94c-632a5318eb94,The stop near Edmonds Station could use better lighting and seating.
b8ccf2df-07f7-4747-ab01-e368746f4585,I wish the bus arrived on time; today it was 10 minutes late.
084ce70a-7c5b-4991-832c-dbc1616f820f,I wish the bus arrived on time; today it was 10 minutes late.
68322b8f-ab91-4a97-9c5f-a3709808e419,The well-maintained seats on the double-decker made my commute much better.
bb441aeb-d4c8-4f8c-bdaf-d8fae5dd8689,I love the real-time updates; they told me the bus was 20 minutes away.
2d11bc97-6d75-4ad0-8280-be7c3ac37423,I felt safe riding through downtown on route 150 thanks to the friendly driver.
1e9915bc-2999-4995-b1a1-0562c0c07095,I wish the bus arrived on time; today it was 5 minutes late.
a4f53491-b3f7-4e77-9f9b-90c672bf27cb,The driver's organized attitude improved my day!
6a9c2c0d-8a22-4a1f-b99d-e73597a5617f,I felt safe riding through downtown on route 150 thanks to the polite driver.
2720984f-6479-45a1-af37-fb0abf2699b7,The stop near Edmonds Station could use better lighting and seating.
f4576d8f-c97a-430b-a606-fc10407206bd,I felt safe riding through downtown on route 268 thanks to the polite driver.
af6a14de-edc2-437b-a955-d226638fe8cb,I wish the bus arrived on time; today it was 20 minutes late.
4fcdbb6c-9553-4c77-ad78-f1a7a1827ae0,Please continue to keep the buses comfortable; it makes a big difference.
03e50684-8c91-488f-9073-92d0af0a2a2a,I appreciate the efficient service on route 50 this morning.
d7c3d3c9-c1d6-4ea2-8a59-fab82f9e54d9,Boarding was quick and easy because the bus was quiet.
c5f06cf0-4480-42e8-905e-56d9cc5eedf4,Please continue to keep the buses climate-controlled; it makes a big difference.
12724b45-249f-4edd-a3c1-643fde7318f9,The stop near Lynnwood Transit Center could use better lighting and seating.
a62ede8e-59df-48a8-8aed-c035a6b5a304,I wish the bus arrived on time; today it was 20 minutes late.
98b08f85-a207-4d8a-9ea3-0582e9b7573c,I felt safe riding through downtown on route 150 thanks to the attentive driver.
6e261a4d-0d53-446b-bd35-981447e0502d,Boarding was quick and easy because the bus was quiet.
56cad4e0-40ec-46a9-bb4c-aebacfc4b1f2,The driver's courteous attitude improved my day!
92eacb02-86d7-461b-98cd-7409e1a5165f,Please continue to keep the buses climate-controlled; it makes a big difference.
fbe9f065-b0e3-434a-9195-e76aa4ebbe42,I love the real-time updates; they told me the bus was 10 minutes away.
856ce824-bba4-47b8-8034-02c3c05e2c02,I wish the bus arrived on time; today it was 10 minutes late.
8aae4f24-45f2-40b6-adc1-da3891f1a0db,The driver on bus 105 was courteous and helped me with my bags.
fd416e1c-385e-49b0-b3be-36192a98603d,I felt safe riding through downtown on route 105 thanks to the courteous driver.
59ec63e2-9e8b-4611-b839-b48fbd34c8a4,I love the real-time updates; they told me the bus was 20 minutes away.
fea5b233-3425-4159-86a4-6b34139cd49d,The stop near Paine Field could use better lighting and seating.
325cb243-dabe-4ff1-8973-42c3e5342dfa,I felt safe riding through downtown on route 101 thanks to the professional driver.
6bbfb0df-2b6a-4f50-afc7-e4d333e76c69,I felt safe riding through downtown on route 101 thanks to the efficient driver.
7b33b44f-f2a5-4484-9dcd-066d133dd3ed,I appreciate the friendly service on route 246 this morning.
8a27c7b4-b30e-47b5-84d9-4a0755ccb5e0,I felt safe riding through downtown on route 162 thanks to the courteous driver.
550d01e5-a038-4c70-9bab-4a7b0483471f,The quiet seats on the articulated bus made my commute much better.
7fae24c4-e9d5-4a27-9d6a-488166e66c05,The spacious seats on the hybrid bus made my commute much better.
f1e707e0-19bc-4275-83c5-2ac1578f4842,The well-maintained seats on the standard bus made my commute much better.
3dd68d71-e37e-4151-8e01-c46216b6f260,I felt safe riding through downtown on route 268 thanks to the courteous driver.
aa0207ff-087d-49c4-a731-c5f8f15663a8,Please continue to keep the buses smooth; it makes a big difference.
a8ddcd18-117f-4786-9c69-8f2d11fe8a1b,Boarding was quick and easy because the bus was spacious.
03eb4a3a-8c6e-45fe-a4e4-ef8b39a308ad,I felt safe riding through downtown on route 271 thanks to the friendly driver.
0801550b-6410-4a72-a634-9039d581dfe3,I wish the bus arrived on time; today it was 15 minutes late.
b5d32cd0-7050-4ab6-a0a2-196f4608c6c8,I appreciate the efficient service on route 271 this morning.
9dea1938-ec3b-46ee-82aa-2aeaa25f25fb,The spacious seats on the double-decker made my commute much better.
03d02d18-66df-465e-9fa1-9ff6605d7258,I felt safe riding through downtown on route 271 thanks to the organized driver.
00bb1769-ab3c-4f55-a8c6-57c8ef0a2b61,I love the real-time updates; they told me the bus was 10 minutes away.
01f7a115-eb09-46ff-becf-543ab36c0d89,I appreciate the prompt service on route 105 this morning.
c89292e0-f1aa-44b8-8dfe-ca0836382cf3,The spacious seats on the articulated bus made my commute much better.
7518cf83-81b1-4fef-9185-c68c18c44e20,The stop near Edmonds Station could use better lighting and seating.
f9e222a3-c2e6-4fbf-80b8-4cb8fb756c66,The driver on bus 150 was attentive and helped me with my bags.
99b3ff4d-d477-4a57-ab88-214328d3ca4a,The driver's polite attitude improved my day!
11de9451-e170-4d65-867b-248d36a0c02b,The stop near Mukilteo Station could use better lighting and seating.
2a4ab486-b18d-4b12-8048-9bf2e945e5e6,I felt safe riding through downtown on route 180 thanks to the professional driver.
51ca5f83-db04-4a91-b7e5-8a373c6426e7,I love the real-time updates; they told me the bus was 10 minutes away.
4a594475-d9c1-4b64-8ab4-de0a23ec246f,The driver's attentive attitude improved my day!
1d6eca58-c94d-4d50-ac49-a0f787e2824f,I wish the bus arrived on time; today it was 5 minutes late.
f9a4719a-b03b-4289-a52b-ecf40ddbb167,The driver on bus 150 was courteous and helped me with my bags.
50260948-953f-4c44-950a-c827f334d3c2,The driver's organized attitude improved my day!
337f08d1-e262-4480-bc4d-1f59f9d0c44e,I appreciate the reliable service on route 268 this morning.
d7e034a9-ea08-452e-ace7-f549f8c5b732,I appreciate the attentive service on route 268 this morning.
3f703132-8afe-4177-a662-25cba7c5b537,The well-maintained seats on the standard bus made my commute much better.
8ae23bdf-37c8-423a-a620-461d8d771893,Boarding was quick and easy because the bus was spacious.
baa4f825-e8a1-439a-ae0e-5ba688c03e6c,I love the real-time updates; they told me the bus was 15 minutes away.
7df48ad2-0c3b-446e-af08-78e2ebdab674,Boarding was quick and easy because the bus was clean.
338594bd-4fbb-4eda-b815-4936847d08a9,I wish the bus arrived on time; today it was 15 minutes late.
a0149406-bd7f-4b5b-9132-5582324fdf7f,I appreciate the polite service on route 180 this morning.
b82e4092-de97-47c0-af87-230667c53e5f,The driver on bus 50 was polite and helped me with my bags.
15e29a10-b665-4251-a4c1-b6a4d76c84c1,The spotless seats on the articulated bus made my commute much better.
f0b45b9b-27cb-466a-9f68-bac3df56066d,Please continue to keep the buses quiet; it makes a big difference.
fabf7a5b-34d4-40c1-95bf-1e8de504b036,I wish the bus arrived on time; today it was 20 minutes late.
f444c7ea-d3cd-4ae4-8789-134064b7fa15,Please continue to keep the buses clean; it makes a big difference.
b617b3b2-6d23-4335-bbe8-5a67ae53b6c2,The driver's prompt attitude improved my day!
c9104969-7933-42a9-a785-bb56572de44f,I love the real-time updates; they told me the bus was 20 minutes away.
ea7f63ba-27b6-4cfe-b7f6-1ac12fc57323,I love the real-time updates; they told me the bus was 20 minutes away.
d1dfed73-1a5c-4d5f-bb2f-9c11cb55e401,The spotless seats on the articulated bus made my commute much better.
18bc1cea-5906-4eb8-9e13-9f635d923783,I love the real-time updates; they told me the bus was 15 minutes away.
aed9785e-049b-48c0-aa93-a44a4aa47620,I felt safe riding through downtown on route 105 thanks to the friendly driver.
f78c361b-a93f-41d5-980b-54a8b679dcd9,I love the real-time updates; they told me the bus was 5 minutes away.
e969b461-8c27-4b52-a4a4-88350889b8cf,Boarding was quick and easy because the bus was well-maintained.
f68cb040-5fc9-4452-a5c6-b7b787e759e3,The stop near Lynnwood Transit Center could use better lighting and seating.
0ab35753-dcfc-4d3c-9a97-79669abdfe3f,I wish the bus arrived on time; today it was 10 minutes late.
71bc17b6-8c7c-49d5-85c6-44615a01fd41,I felt safe riding through downtown on route 180 thanks to the prompt driver.
e6224003-7cf3-4f14-a9da-f65412d474b6,The well-maintained seats on the articulated bus made my commute much better.
06424c96-ed8a-47ec-b24d-7869fa60459c,I love the real-time updates; they told me the bus was 10 minutes away.
781f42f3-12d7-4570-9046-76649382ad03,The spacious seats on the double-decker made my commute much better.
d4959b86-bdd0-4960-be97-c5b71cf53c69,The driver on bus 268 was helpful and helped me with my bags.
aeff3cbf-db93-4973-acec-ecdb4d36aac6,The spotless seats on the electric bus made my commute much better.
46822968-0d09-4bf1-9990-7c7b38e1cd6c,The driver on bus 246 was helpful and helped me with my bags.
1b85147a-7381-4af3-a54f-a218e67cb7f7,The quiet seats on the articulated bus made my commute much better.
a6b52286-365b-4074-9fed-ed3b8d87a0a2,I felt safe riding through downtown on route 180 thanks to the polite driver.
af3c0263-8737-4f53-aec7-2b15eb361635,I appreciate the organized service on route 271 this morning.
961d6f96-c9a9-413a-9c1d-aec6d5b6f2b7,The clean seats on the electric bus made my commute much better.
fbbb16e4-b008-4b24-82ef-0ef52cf4643e,The smooth seats on the double-decker made my commute much better.
e8fb033e-ab85-4346-b873-0943063415a9,I wish the bus arrived on time; today it was 20 minutes late.
6bf0b38f-6084-4493-a514-9b55a62e03da,I felt safe riding through downtown on route 246 thanks to the organized driver.
93f980d7-91e6-422b-8098-7fc77c145bca,The driver's polite attitude improved my day!
993b8cb4-30bc-4369-9a4b-ea77d28b6750,I felt safe riding through downtown on route 268 thanks to the courteous driver.
7171088a-db02-45b7-a8cc-2d95ebfe5336,The driver on bus 50 was polite and helped me with my bags.
699af6c1-baef-44b1-8a5e-00c15eec9caf,The stop near Lynnwood Transit Center could use better lighting and seating.
c85e0a50-3fcc-4028-b851-fd4dc2e41848,Boarding was quick and easy because the bus was quiet.
b59e265f-7901-43e1-b2c8-565d5bc849ed,I felt safe riding through downtown on route 105 thanks to the reliable driver.
cb36788f-ec20-4831-a25a-1ef387f7e258,The stop near Everett Station could use better lighting and seating.
e891b6d0-53db-427a-b5bd-6a11ce588ed5,The spacious seats on the articulated bus made my commute much better.
ade48a51-71e1-4198-96aa-c150af2d73d6,The driver on bus 180 was friendly and helped me with my bags.
9c6c1fa2-7774-45e8-81ec-9f8d9fd1401d,The driver on bus 246 was polite and helped me with my bags.
9704a844-7e7d-48c0-ab8c-9093ecc4049f,I wish the bus arrived on time; today it was 5 minutes late.
c35cbc89-0412-4a93-99df-f87903127985,I wish the bus arrived on time; today it was 5 minutes late.
2feda149-8ab9-40d4-a961-7fca5d8699e6,The driver's friendly attitude improved my day!
94739216-98e2-4d93-a814-78132a4f34df,I appreciate the helpful service on route 201 this morning.
2a618c2e-ab7a-4f48-b079-ae96b439d678,Please continue to keep the buses well-maintained; it makes a big difference.
1f8780fd-6979-42ee-b385-548a5f9d4acb,I appreciate the efficient service on route 180 this morning.
af356b17-d084-4ba9-ba9f-d34426a2a830,I love the real-time updates; they told me the bus was 15 minutes away.
b486a248-52ca-4084-a87d-0bfcef08df11,The driver's courteous attitude improved my day!
050e9ed0-d851-40eb-a1f9-25c83d8ebad2,The driver's prompt attitude improved my day!
a1623cb7-a354-4c10-a63a-7eb3b1ac3fad,I love the real-time updates; they told me the bus was 20 minutes away.
f75bb91e-6112-454c-9a9d-4ed07e2c9fb1,I wish the bus arrived on time; today it was 15 minutes late.
89c34fd7-53d5-40e8-811e-17979abb33b9,The stop near Everett Station could use better lighting and seating.
5fcc28a4-99b5-4cac-8ec8-e43dbde84e6a,The stop near Edmonds Station could use better lighting and seating.
b3d701e7-06db-4bab-af61-9166c01be720,I appreciate the reliable service on route 150 this morning.
55ef65e1-c055-4a13-8d07-726d80aa2cfc,Boarding was quick and easy because the bus was climate-controlled.
07c11d0e-d773-4352-9aa9-cc0278733370,Please continue to keep the buses smooth; it makes a big difference.
32a45b07-8f63-4a52-af92-1c3af25b43ed,Boarding was quick and easy because the bus was comfortable.
243b6b2c-4698-4dbe-baf0-effd4d895fc6,I felt safe riding through downtown on route 50 thanks to the friendly driver.
9dc706fb-ef3e-447f-9eeb-58dae65521a9,I felt safe riding through downtown on route 50 thanks to the prompt driver.
14a65670-ffb5-45ac-9326-9fd458375bc2,I love the real-time updates; they told me the bus was 5 minutes away.
88e03321-162f-4909-8c2a-8f9e9f2f0b1f,The driver's courteous attitude improved my day!
2a305200-6e2a-44c8-8b54-b4a79d2733c6,I wish the bus arrived on time; today it was 5 minutes late.
f727b4cd-cb67-49ed-b810-9ee9d594398c,I love the real-time updates; they told me the bus was 15 minutes away.
80b348c9-5360-42b0-8acf-5bc6d34ef5ad,The stop near Edmonds Station could use better lighting and seating.
8ae41cf5-c587-4683-a99b-68d751162cd0,The climate-controlled seats on the hybrid bus made my commute much better.
57ddee24-804b-4ab9-b2bc-b91f915bb2f1,I love the real-time updates; they told me the bus was 10 minutes away.
88f3c713-e86b-4fde-b1d5-c9dcc0fbc401,I wish the bus arrived on time; today it was 10 minutes late.
4543d7d9-da35-4498-8ccb-9eebdea03b9b,Please continue to keep the buses spacious; it makes a big difference.
56028823-bb92-4f82-a62e-0ba21d6c5d53,I felt safe riding through downtown on route 201 thanks to the prompt driver.
a7265fa7-cb5e-4c59-a524-8975f84739d2,The driver on bus 150 was efficient and helped me with my bags.
d0c2f5ba-ee82-4df0-a1d0-cb03d6e1c9a4,Boarding was quick and easy because the bus was smooth.
6289fe58-4798-41a4-b8f9-90eea1b80aa1,Boarding was quick and easy because the bus was quiet.
b0fe9781-30eb-4e0d-8c86-1b9541a8c4f2,The smooth seats on the electric bus made my commute much better.
7a6320eb-b6e6-4836-91de-0f82471486f8,I love the real-time updates; they told me the bus was 15 minutes away.
b21ee5b0-e319-4862-9c51-70ef9901c3ea,Please continue to keep the buses clean; it makes a big difference.
36b96333-a207-4930-8442-d7944299e644,I love the real-time updates; they told me the bus was 5 minutes away.
a73496ae-e7fd-4408-a128-1d688d759ced,The stop near Everett Station could use better lighting and seating.
bed67ef3-ae0e-4a86-b680-fe7b36671e87,I appreciate the attentive service on route 268 this morning.
cf6793b5-c5ae-4c86-9a99-fd108cfbef65,Boarding was quick and easy because the bus was spacious.
2845d1a1-1cbe-4949-9b36-b8a4cf6cd990,The driver's attentive attitude improved my day!
37f1178f-a8fd-489b-9fb0-0137c93ed697,Boarding was quick and easy because the bus was spacious.
cef04845-147f-4b9a-a4b8-13b328ea0f2a,The driver on bus 271 was attentive and helped me with my bags.
b26e0860-8f85-431f-987e-486a6b0e1861,The driver on bus 271 was reliable and helped me with my bags.
d08db41f-2865-48b7-8e43-ae08316bdd41,The stop near Paine Field could use better lighting and seating.
b477da20-a2cf-42cf-bed0-300da5e9854a,I love the real-time updates; they told me the bus was 15 minutes away.
e3d6c472-71b9-431a-8e31-5e2d9c5ccdef,I wish the bus arrived on time; today it was 15 minutes late.
52a12577-4a00-4e62-962f-bb76f82318c8,I appreciate the attentive service on route 105 this morning.
93a25d8f-896c-409d-a444-633b93e021a8,I wish the bus arrived on time; today it was 15 minutes late.
c8f44fff-6c69-48fc-bfdb-9f18d35078de,The driver's organized attitude improved my day!
c8cecac7-59a8-420a-89b4-02d67b0baff5,The clean seats on the hybrid bus made my commute much better.
955a316d-21d8-48c3-a0c5-edf8634da571,The driver's attentive attitude improved my day!
1fe7493d-8fcf-4789-a3bf-6dd58658f08f,The spacious seats on the hybrid bus made my commute much better.
3b64cdff-621d-46ba-ad66-610783d4b76b,The driver on bus 105 was efficient and helped me with my bags.
ba1bde69-613c-4fd8-9ed4-3bd31d951269,I love the real-time updates; they told me the bus was 15 minutes away.
b1cb4775-2567-4e95-a8eb-7f97080c6f76,I felt safe riding through downtown on route 105 thanks to the polite driver.
7f1d6275-75ce-41e8-bfbf-851c30873a59,Please continue to keep the buses comfortable; it makes a big difference.
8de4e269-3340-47bb-b280-e522789c596c,I felt safe riding through downtown on route 162 thanks to the efficient driver.
5667e691-707c-49af-9e18-c911d15b85f7,The stop near Everett Station could use better lighting and seating.
0e32ddf0-5c17-4728-8e53-830ca133dd81,I wish the bus arrived on time; today it was 15 minutes late.
0e082ca4-52ea-4349-9810-1b826741507b,I wish the bus arrived on time; today it was 10 minutes late.
bf75829e-a913-49da-a4e4-a055faebfb9c,Please continue to keep the buses spacious; it makes a big difference.
fc3439c7-fe21-43d1-b72c-ce08b3c2e287,The driver on bus 180 was efficient and helped me with my bags.
633fb9f0-f214-497f-a869-9ca2428668a5,The stop near Everett Station could use better lighting and seating.
b9430fe9-8892-489c-8105-32673e17daeb,Please continue to keep the buses spotless; it makes a big difference.
174f6bb7-38a3-427b-bc1e-77dbc8f4e476,I appreciate the professional service on route 150 this morning.
7d90c49f-6254-4a0a-97db-18af201f6622,I love the real-time updates; they told me the bus was 20 minutes away.
d479939b-b90a-4e88-a8ec-1736af7eed8d,I felt safe riding through downtown on route 150 thanks to the organized driver.
dc78598b-7570-4d81-8cdb-8640e47bb2b0,I love the real-time updates; they told me the bus was 20 minutes away.
d30c92b3-5761-41f1-9866-bfe9f0cdb21e,I love the real-time updates; they told me the bus was 5 minutes away.
228a0232-b56d-44ab-ae89-bbef9987351f,The quiet seats on the electric bus made my commute much better.
